poi이름,cctv 용도
CCTV,방범
CCTV,방범
CCTV,방범
CCTV,불법주정차
CCTV,방범
CCTV,어린이안전
CCTV,방범
CCTV,방범
CCTV,쓰레기 무단투기
CCTV,방범
CCTV,방범
CCTV,도심공원
CCTV,방범
CCTV,어린이안전
CCTV,방범
CCTV,방범
CCTV,도심공원
CCTV,방범
CCTV,방범
CCTV,불법주정차
CCTV,방범
CCTV,방범
CCTV,방범
CCTV,도심공원
CCTV,어린이안전
CCTV,불법주정차
CCTV,방범
CCTV,어린이안전
CCTV,방범
CCTV,어린이안전
CCTV,불법주정차
CCTV,방범
CCTV,도심공원
CCTV,어린이안전
CCTV,도심공원
CCTV,방범
CCTV,어린이안전
CCTV,도심공원
CCTV,방범
CCTV,방범
CCTV,방범
CCTV,방범
CCTV,시설물 관리
CCTV,어린이안전
CCTV,어린이안전
CCTV,방범
CCTV,방범
CCTV,어린이안전
CCTV,방범
CCTV,어린이안전
CCTV,방범
CCTV,방범
CCTV,방범
CCTV,방범
CCTV,쓰레기 무단투기
CCTV,방범
CCTV,방범
CCTV,어린이안전
CCTV,방범
CCTV,방범
CCTV,방범
CCTV,어린이안전
CCTV,방범
CCTV,방범
CCTV,방범
CCTV,방범
CCTV,방범
CCTV,방범
CCTV,방범
CCTV,방범
CCTV,방범
CCTV,방범
CCTV,방범
CCTV,방범
CCTV,쓰레기 무단투기
CCTV,방범
CCTV,불법주정차
CCTV,방범
CCTV,방범
CCTV,방범
CCTV,방범
CCTV,방범
CCTV,방범
CCTV,방범
CCTV,도심공원
CCTV,방범
CCTV,방범
