애플리케이션,지하철역
직방,노량진역
직방,노들역
직방,흑석역
직방,장승배기역
직방,상도역
직방,숭실대입구역
직방,봉천역
직방,서울대입구역
직방,낙성대역
직방,남성역
직방,대방역
직방,신대방삼거리역
직방,동작역
피터팬의 좋은방 구하기,노량진역
피터팬의 좋은방 구하기,노들역
피터팬의 좋은방 구하기,흑석역
피터팬의 좋은방 구하기,장승배기역
피터팬의 좋은방 구하기,상도역
피터팬의 좋은방 구하기,숭실대입구역
피터팬의 좋은방 구하기,서울대입구역
피터팬의 좋은방 구하기,봉천역
다방,노량진역
다방,노들역
다방,흑석역
다방,장승배기역
다방,상도역
다방,숭실대입구역
고방,노량진역
고방,노들역
고방,흑석역
고방,상도역
고방,숭실대입구역
고방,장승배기역
네이버부동산,샛강역
네이버부동산,노량진역
네이버부동산,노들역
네이버부동산,흑석역
네이버부동산,이수역
네이버부동산,사당역
네이버부동산,남성역
네이버부동산,숭실대입구역
네이버부동산,상도역
네이버부동산,장승배기역
네이버부동산,보라매역
네이버부동산,봉천역
네이버부동산,서울대입구역
네이버부동산,낙성대역
